NESTOR0307-SQL> prompt Práctica 8
Práctica 8
NESTOR0307-SQL> cl scr;
NESTOR0307-SQL> CREATE TABLE Sucursal (
  2   ID_SUC NUMERIC(8,0) NULL,
  3   NOMBRE VARCHAR(10)  ,
  4   CUPO   NUMERIC(8,0)
  5  
NESTOR0307-SQL> select * from sucursal;
select * from sucursal
              *
ERROR at line 1:
ORA-00942: table or view does not exist 


NESTOR0307-SQL> cl scr;
NESTOR0307-SQL> CREATE TABLE sucursal(
  2  ID_SUC NUMERIC(8,0) NULL,
  3  NOMBRE VARCHAR(10)  ,
  4  CUPO   NUMERIC(8,0)
  5  );

Table created.

NESTOR0307-SQL> CREATE TABLE Departamento (
  2   ID_Departamento NUMERIC(8,0) NOT NULL,
  3   Departamento     VARCHAR(10)  NOT NULL,
  4   Nivel   VARCHAR(10),
  5   Sueldo  NUMERIC(6,0)
  6  );

Table created.

NESTOR0307-SQL>  CREATE TABLE Empleado (
  2   MATRICULA NUMERIC(9,0) NOT NULL,
  3   NOMBRE     VARCHAR(30)  NOT NULL,
  4   APELLIDO   VARCHAR(30),
  5   ID_JEFE    NUMERIC(8,0),
  6   MONTO    NUMERIC(5,0),
  7   ID_SUC   NUMERIC(8,0),
  8   ID_Departamento  NUMERIC(8,0)
  9  );

Table created.

NESTOR0307-SQL> insert into Sucursal values (1,'Chile',123456);

1 row created.

NESTOR0307-SQL> insert into Sucursal values (2,'MÃ©xico',90000);

1 row created.

NESTOR0307-SQL> insert into Sucursal values (3,'Colombia',55000);

1 row created.

NESTOR0307-SQL> insert into Sucursal values (4,'Peru',35000);

1 row created.

NESTOR0307-SQL> insert into Sucursal values (5,'Argentina',76000);

1 row created.

NESTOR0307-SQL> insert into Sucursal values (6,'USA',89000);

1 row created.

NESTOR0307-SQL> insert into Sucursal values (7,'Canada',77000);INSERT INTO Departamento VALUES (1,'Ayu Gen','Jr',1000);
insert into Sucursal values (7,'Canada',77000);INSERT INTO Departamento VALUES (1,'Ayu Gen','Jr',1000)
                                              *
ERROR at line 1:
ORA-00933: SQL command not properly ended 


NESTOR0307-SQL> INSERT INTO Departamento VALUES (2,'Sistema','Sr',20000);

1 row created.

NESTOR0307-SQL> INSERT INTO Departamento VALUES (3,'Conta','Tr',12000);

1 row created.

NESTOR0307-SQL> INSERT INTO Departamento VALUES (4,'Admin','Sr',13000);

1 row created.

NESTOR0307-SQL> INSERT INTO Departamento VALUES (5,'DiseÃ±o','Tr',13500);INSERT INTO Departamento VALUES (1,'Ayu Gen','Jr',1000);
INSERT INTO Departamento VALUES (5,'DiseÃ±o','Tr',13500);INSERT INTO Departamento VALUES (1,'Ayu Gen','Jr',1000)
                                                        *
ERROR at line 1:
ORA-00933: SQL command not properly ended 


NESTOR0307-SQL> insert into departamento values (1,'Ayu Gen','Jr',1000);

1 row created.

NESTOR0307-SQL> cl scr;
NESTOR0307-SQL> Insert into Empleado values(10311,'JONATHAN NOE','GALLARDO VILLEGAS','',4781,1,2);

1 row created.

NESTOR0307-SQL> Insert into Empleado values(10312,'ARTURO','GARCIA GARAY','',3569,2,1);

1 row created.

NESTOR0307-SQL> Insert into Empleado values(10313,'LUIS EDUARDO','GONZALEZ APONTE','',3087,3,1);

1 row created.

NESTOR0307-SQL> Insert into Empleado values(10314,'CARLOS ALBERTO','GONZALEZ GARCIA','',3487,4,5);

1 row created.

NESTOR0307-SQL> Insert into Empleado values(10315,'CARLOS ALBERTO','GONZALEZ SANCHEZ','',3064,5,1);

1 row created.

NESTOR0307-SQL> Insert into Empleado values(10316,'DIEGO ALAN','HERNANDEZ GUTIERREZ','',4378,6,'');

1 row created.

NESTOR0307-SQL> Insert into Empleado values(10317,'JORGE OMAR','HERNANDEZ LUNA','',4690,7,1);

1 row created.

NESTOR0307-SQL> Insert into Empleado values(10318,'ALEJANDRO','IZQUIERDO ALVARADO',10311,3864,7,3);

1 row created.

NESTOR0307-SQL> Insert into Empleado values(10319,'VICTOR HUGO','MAGOS JIMENEZ',10315,4239,'',2);

1 row created.

NESTOR0307-SQL> Insert into Empleado values(10320,'ABRAHAM','MEDINA DUQUE',10312,3020,3,1);

1 row created.

NESTOR0307-SQL> Insert into Empleado values(10321,'CLAUDIA ANDREA','MEDINA MURUETA',10313,3272,4,1);

1 row created.

NESTOR0307-SQL> Insert into Empleado values(10322,'CARLOS AXEL','MENDOZA REBOLLO',10312,4020,3,2);

1 row created.

NESTOR0307-SQL> Insert into Empleado values(10323,'LUIS FERNANDO','NAVA DOMINGUEZ',10314,3715,3,'');

1 row created.

NESTOR0307-SQL> Insert into Empleado values(10324,'SERGIO SALVADOR','NEAVE ARANA',10315,3882,5,4);Insert into Empleado values(10324,'SERGIO SALVADOR','NEAVE ARANA',10315,3882,5,4);
Insert into Empleado values(10324,'SERGIO SALVADOR','NEAVE ARANA',10315,3882,5,4);Insert into Empleado values(10324,'SERGIO SALVADOR','NEAVE ARANA',10315,3882,5,4)
                                                                                 *
ERROR at line 1:
ORA-00933: SQL command not properly ended 


NESTOR0307-SQL> Insert into Empleado values(10325,'JAQUELINE','PIÃ‘A CASTILLO',10316,3930,3,'');

1 row created.

NESTOR0307-SQL> Insert into Empleado values(10326,'ADRIAN','RAMIREZ MUÃ‘OZ',10316,4851,3,5);

1 row created.

NESTOR0307-SQL> Insert into Empleado values(10327,'CARLOS DAVID','RAMIREZ REYES',10315,4989,2,4);

1 row created.

NESTOR0307-SQL> Insert into Empleado values(10328,'CHRISTOPHER ALEXANDER','REYES ADUNA',10315,4153,1,1);

1 row created.

NESTOR0307-SQL> Insert into Empleado values(10329,'GRECIA DENISSE','RODRIGUEZ CASTRO',10312,3353,5,5);

1 row created.

NESTOR0307-SQL> Insert into Empleado values(10330,'ROGELIO','RODRIGUEZ LOPEZ',10315,4020,1,3);

1 row created.

NESTOR0307-SQL> Insert into Empleado values(10331,'EMMANUEL','SANCHEZ OLIVARES',10312,3068,7,2);

1 row created.

NESTOR0307-SQL> Insert into Empleado values(10332,'JENNIFER DAFNE','SANTOS CRUZ',10314,3081,6,4);

1 row created.

NESTOR0307-SQL> Insert into Empleado values(10333,'MONICA VALERIA','VALVERDE CHAVEZ',10314,3964,6,'');

1 row created.

NESTOR0307-SQL> Insert into Empleado values(10334,'MARLON','VERA DIAZ',10311,4550,7,5);

1 row created.

NESTOR0307-SQL> Insert into Empleado values(10335,'RODRIGO','ZAVALA RODRIGUEZ',10313,4724,2,5);

1 row created.

NESTOR0307-SQL> Insert into Empleado values(10336,'LUIS ESTEBAN','AGUILAR ESCUTIA',10315,3313,4,2);

1 row created.

NESTOR0307-SQL> Insert into Empleado values(10337,'JULIO','AGUILAR ONOFRE',10311,4065,4,1);

1 row created.

NESTOR0307-SQL> Insert into Empleado values(10338,'JORGE GABRIEL','ALCANTARA PEREZ',10315,4198,5,5);

1 row created.

NESTOR0307-SQL> Insert into Empleado values(10339,'ARTURO','ALVAREZ CHAVEZ',10311,4864,7,1);

1 row created.

NESTOR0307-SQL> Insert into Empleado values(10340,'HERADIO JAVIER','ALVAREZ LOPEZ',10313,4083,2,2);

1 row created.

NESTOR0307-SQL> Insert into Empleado values(10341,'JUAN IRVING','AVILES TABARES',10313,4188,4,1);

1 row created.

NESTOR0307-SQL> Insert into Empleado values(10342,'OMAR YAIR','BALDERAS MATA',10313,3187,1,2);

1 row created.

NESTOR0307-SQL> Insert into Empleado values(10343,'MARCOS ANTONIO','BARCENAS GARCIA',10314,3093,1,5);

1 row created.

NESTOR0307-SQL> Insert into Empleado values(10344,'ARGELIA ELIZABETH','BARRERA DURAN',10316,3650,6,2);

1 row created.

NESTOR0307-SQL> Insert into Empleado values(10345,'JOVANY','CALDERON PACHECO',10312,3047,3,3);

1 row created.

NESTOR0307-SQL> Insert into Empleado values(10346,'RAMON','CORTES RUIZ',10316,3286,3,'');

1 row created.

NESTOR0307-SQL> Insert into Empleado values(10347,'LUIS ENRIQUE','DE LA ROSA MEJIA',10311,3311,'',1);

1 row created.

NESTOR0307-SQL> Insert into Empleado values(10348,'JOSUE TADEO','DIAZ MONROY',10313,3885,3,4);

1 row created.

NESTOR0307-SQL> Insert into Empleado values(10349,'EDMUNDO ISMAEL','FRAGOSO ARIZA',10312,3297,5,1);

1 row created.

NESTOR0307-SQL> Insert into Empleado values(10350,'BRYAN','GALICIA FALCON',10316,3864,2,5);

1 row created.

NESTOR0307-SQL> Insert into Empleado values(10351,'DAFNE YARETZI','GIRON REYES',10316,4833,1,1);

1 row created.

NESTOR0307-SQL> Insert into Empleado values(10352,'NOE','GOMEZ MARIN',10317,4690,5,2);

1 row created.

NESTOR0307-SQL> Insert into Empleado values(10353,'CARLOS ENRIQUE','GONZALEZ HERNANDEZ',10317,3754,2,3);

1 row created.

NESTOR0307-SQL> Insert into Empleado values(10354,'SANDRA IVETTE','GONZALEZ ROCHA',10317,4428,7,'');

1 row created.

NESTOR0307-SQL> Insert into Empleado values(10355,'ISRAEL','GONZALEZ SANCHEZ',10317,3742,3,5);

1 row created.

NESTOR0307-SQL> Insert into Empleado values(10356,'BRANDON SAUL','HERNANDEZ ISLAS',10317,3167,'',1);

1 row created.

NESTOR0307-SQL> Insert into Empleado values(10357,'ALAN','JARA PEDRAZA',10314,4720,5,'');

1 row created.

NESTOR0307-SQL> Insert into Empleado values(10358,'KAREN ALEXIA','JIMENEZ VAZQUEZ',10311,3871,5,2);

1 row created.

NESTOR0307-SQL> Insert into Empleado values(10359,'CARLOS AXEL','JIMENEZ VAZQUEZ',10316,4137,1,'');

1 row created.

NESTOR0307-SQL> Insert into Empleado values(10360,'GERMAN','LEON FELICIANO',10316,4745,4,'');

1 row created.

NESTOR0307-SQL> Insert into Empleado values(10361,'GAVIN ROLANDO','LEZA HERNANDEZ',10312,4833,7,2);

1 row created.

NESTOR0307-SQL> Insert into Empleado values(10362,'JESUS GEOVANI','LOPEZ LOPEZ',10311,4784,1,1);

1 row created.

NESTOR0307-SQL> Insert into Empleado values(10363,'JUAN CARLOS','LUNA INTERIAN',10311,3751,'','');

1 row created.

NESTOR0307-SQL> Insert into Empleado values(10364,'IAN MICHAEL','MARTINEZ CALDERON',10313,3393,'','');

1 row created.

NESTOR0307-SQL> Insert into Empleado values(10365,'BRENDA GUADALUPE','MARTINEZ JUAREZ',10314,3031,6,4);

1 row created.

NESTOR0307-SQL> Insert into Empleado values(10366,'CARLOS ALFREDO','MONJARAZ ARRIAGA',10312,4897,6,3);

1 row created.

NESTOR0307-SQL> Insert into Empleado values(10367,'MARCO FABIAN','MORENO PEDRAZA',10316,4481,7,1);

1 row created.

NESTOR0307-SQL> Insert into Empleado values(10368,'ITZCOATL','NAVARRO LOPEZ',10315,4894,'',2);

1 row created.

NESTOR0307-SQL> Insert into Empleado values(10369,'JULIO CESAR','PAREDES CERVANTES',10311,4413,2,3);

1 row created.

NESTOR0307-SQL> Insert into Empleado values(10370,'JUAN CARLOS DE JESUS','PEREZ GONZALEZ',10315,4178,6,3);

1 row created.

NESTOR0307-SQL> Insert into Empleado values(10371,'ANTONIO BALAM','POBLANO ESLAVA',10315,3225,2,3);

1 row created.

NESTOR0307-SQL> Insert into Empleado values(10372,'LUIS MARIO','RAMIREZ ENRIQUEZ',10315,3324,7,'');

1 row created.

NESTOR0307-SQL> Insert into Empleado values(10373,'EDUARDO','RAMIREZ MARTINEZ',10314,3249,'',1);

1 row created.

NESTOR0307-SQL> Insert into Empleado values(10374,'OMAR','RAMOS JUAREZ',10316,4186,2,2);

1 row created.

NESTOR0307-SQL> Insert into Empleado values(10375,'BRANDON GIOVANNI','RIVERA AGUILAR',10313,4224,4,1);

1 row created.

NESTOR0307-SQL> Insert into Empleado values(10376,'JANETH','RODRIGUEZ BARRON',10315,3613,7,3);

1 row created.

NESTOR0307-SQL> Insert into Empleado values(10377,'ROGELIO','RODRIGUEZ PEREZ',10313,4642,5,5);

1 row created.

NESTOR0307-SQL> Insert into Empleado values(10378,'VIVIANA ITZU','RUIZ VALDEZ',10315,3692,'',2);

1 row created.

NESTOR0307-SQL> Insert into Empleado values(10379,'YOKO MICHELLE','SANDOVAL DE LA ROSA',10314,3056,2,1);

1 row created.

NESTOR0307-SQL> Insert into Empleado values(10380,'JUAN','SILLERO SANJUAN',10316,4188,4,4);

1 row created.

NESTOR0307-SQL> Insert into Empleado values(10381,'VALENTIN','SOSA VILLAGOMEZ',10312,4051,3,1);

1 row created.

NESTOR0307-SQL> Insert into Empleado values(10382,'ITZEL VIVIANA','VILLAMIL ESPINOSA',10315,3012,4,5);cl scr;
Insert into Empleado values(10382,'ITZEL VIVIANA','VILLAMIL ESPINOSA',10315,3012,4,5);cl scr
                                                                                     *
ERROR at line 1:
ORA-00933: SQL command not properly ended 


NESTOR0307-SQL> cl scr;
NESTOR0307-SQL> SELECT COUNT(*) FROM EMPLEADO
  2  UNION
  3  SELECT COUNT(*) FROM SUCURSAL
  4  UNION
  5  SELECT COUNT(*) FROM DEPARTAMENTO;

  COUNT(*)                                                                      
----------                                                                      
         4                                                                      
         6                                                                      
        70                                                                      

NESTOR0307-SQL> cl scr,
SP2-0158: unknown CLEAR option ","
NESTOR0307-SQL> cl scr;
NESTOR0307-SQL> spool SELECT COUNT(*) FROM EMPLEADO
SP2-0768: Illegal SPOOL command
Usage: SPOOL { <file> | OFF | OUT }
where <file> is file_name[.ext] [CRE[ATE]|REP[LACE]|APP[END]]
NESTOR0307-SQL> UNION
SP2-0042: unknown command "UNION" - rest of line ignored.
NESTOR0307-SQL> SELECT COUNT(*) FROM SUCURSAL
  2  UNION
  3  SELECT COUNT(*) FROM DEPARTAMENTO;

  COUNT(*)                                                                      
----------                                                                      
         4                                                                      
         6                                                                      

NESTOR0307-SQL> cl scr;
NESTOR0307-SQL> spool /home/nestorivanmo/Desktop/lab-bd/practica8/practica8-spool.txt append
NESTOR0307-SQL> prompt cuantos departamentos existen
cuantos departamentos existen
NESTOR0307-SQL> select id_departamento, count(departamento) from departamento
  2  group by id_departamento;

ID_DEPARTAMENTO COUNT(DEPARTAMENTO)                                             
--------------- -------------------                                             
              1                   1                                             
              2                   1                                             
              4                   1                                             
              3                   1                                             

NESTOR0307-SQL> INSERT INTO Departamento VALUES (5,'DiseÃ±o','Tr',13500);

1 row created.

NESTOR0307-SQL> select id_departamento, count(departamento)
  2  from departamento
  3  group by id_departamento asc;
group by id_departamento asc
                         *
ERROR at line 3:
ORA-00933: SQL command not properly ended 


NESTOR0307-SQL> select id_departamento, count(departamento)
  2  from departamento
  3  group by id_departamento;

ID_DEPARTAMENTO COUNT(DEPARTAMENTO)                                             
--------------- -------------------                                             
              1                   1                                             
              2                   1                                             
              4                   1                                             
              5                   1                                             
              3                   1                                             

NESTOR0307-SQL> edit
SP2-0110: Cannot create save file "afiedt.buf"
NESTOR0307-SQL> select id_departamento, count(departamento)
  2  from departamento
  3  group by id_deparamento
  4  order by id_departamento asc;
group by id_deparamento
         *
ERROR at line 3:
ORA-00904: "ID_DEPARAMENTO": invalid identifier 


NESTOR0307-SQL> select id_departamento, count(departamento)
  2  from departamento
  3  group by id_departamento
  4  order by id_departamento asc;

ID_DEPARTAMENTO COUNT(DEPARTAMENTO)                                             
--------------- -------------------                                             
              1                   1                                             
              2                   1                                             
              3                   1                                             
              4                   1                                             
              5                   1                                             

NESTOR0307-SQL> spool /home/nestorivanmo/Desktop/lab-bd/practica8/practica8-spool.txt append
NESTOR0307-SQL> cl scr;
NESTOR0307-SQL> prompt cuantos empleados existen por id_departamento
cuantos empleados existen por id_departamento
NESTOR0307-SQL> select id_departamento, count(matricula)
  2  from empleado
  3  group by id_departamento;

ID_DEPARTAMENTO COUNT(MATRICULA)                                                
--------------- ----------------                                                
              1               20                                                
              2               14                                                
              5               10                                                
                              12                                                
              4                5                                                
              3                9                                                

6 rows selected.

NESTOR0307-SQL> select id_departamento, count(matricula)
  2  from empleado
  3  group by id_departamento
  4  order by id_departamento;

ID_DEPARTAMENTO COUNT(MATRICULA)                                                
--------------- ----------------                                                
              1               20                                                
              2               14                                                
              3                9                                                
              4                5                                                
              5               10                                                
                              12                                                

6 rows selected.

NESTOR0307-SQL> cl scr;
NESTOR0307-SQL> prompt mostrar a todos los empleados que su nombre sea carlos alberto
mostrar a todos los empleados que su nombre sea carlos alberto
NESTOR0307-SQL> select * from empleado
  2  where nombre = 'CARLOS ALBERTO';

 MATRICULA NOMBRE                         APELLIDO                              
---------- ------------------------------ ------------------------------        
   ID_JEFE      MONTO     ID_SUC ID_DEPARTAMENTO                                
---------- ---------- ---------- ---------------                                
     10314 CARLOS ALBERTO                 GONZALEZ GARCIA                       
                 3487          4               5                                
                                                                                
     10315 CARLOS ALBERTO                 GONZALEZ SANCHEZ                      
                 3064          5               1                                
                                                                                

NESTOR0307-SQL> spool /home/nestorivanmo/Desktop/lab-bd/practica8/practica8-spool.txtappend
NESTOR0307-SQL> cl scr;
NESTOR0307-SQL> prompt 7. Agregar en sucursales la numero 9 que se encuentra en Italia y tiene cumpo de 55_000
7. Agregar en sucursales la numero 9 que se encuentra en Italia y tiene cumpo de 55_000
NESTOR0307-SQL> insert into sucursal (id_suc, nombre, cupo) values (9, 'Italia', 55000);

1 row created.

NESTOR0307-SQL> select * from sucursal;

    ID_SUC NOMBRE           CUPO                                                
---------- ---------- ----------                                                
         1 Chile          123456                                                
         2 MÃ©xico         90000                                                
         3 Colombia        55000                                                
         4 Peru            35000                                                
         5 Argentina       76000                                                
         6 USA             89000                                                
         8 España          65000                                                
         9 Italia          55000                                                

8 rows selected.

NESTOR0307-SQL> spool /home/nestorivanmo/Desktop/lab-bd/practica8/practica8-spool.txt append
NESTOR0307-SQL> cl scr;
NESTOR0307-SQL> prompt 8. En los empleados los que tengan en id_suc null cambiarlos pro id_suc=8
8. En los empleados los que tengan en id_suc null cambiarlos pro id_suc=8
NESTOR0307-SQL> update empleado
  2  set id_suc = 8
  3  ;

70 rows updated.

NESTOR0307-SQL> select * from empleado where id_suc = null;

no rows selected

NESTOR0307-SQL> select * from empleado where id_suc < 2;

no rows selected

NESTOR0307-SQL> select id_suc from empleado;

    ID_SUC                                                                      
----------                                                                      
         8                                                                      
         8                                                                      
         8                                                                      
         8                                                                      
         8                                                                      
         8                                                                      
         8                                                                      
         8                                                                      
         8                                                                      
         8                                                                      
         8                                                                      

    ID_SUC                                                                      
----------                                                                      
         8                                                                      
         8                                                                      
         8                                                                      
         8                                                                      
         8                                                                      
         8                                                                      
         8                                                                      
         8                                                                      
         8                                                                      
         8                                                                      
         8                                                                      

    ID_SUC                                                                      
----------                                                                      
         8                                                                      
         8                                                                      
         8                                                                      
         8                                                                      
         8                                                                      
         8                                                                      
         8                                                                      
         8                                                                      
         8                                                                      
         8                                                                      
         8                                                                      

    ID_SUC                                                                      
----------                                                                      
         8                                                                      
         8                                                                      
         8                                                                      
         8                                                                      
         8                                                                      
         8                                                                      
         8                                                                      
         8                                                                      
         8                                                                      
         8                                                                      
         8                                                                      

    ID_SUC                                                                      
----------                                                                      
         8                                                                      
         8                                                                      
         8                                                                      
         8                                                                      
         8                                                                      
         8                                                                      
         8                                                                      
         8                                                                      
         8                                                                      
         8                                                                      
         8                                                                      

    ID_SUC                                                                      
----------                                                                      
         8                                                                      
         8                                                                      
         8                                                                      
         8                                                                      
         8                                                                      
         8                                                                      
         8                                                                      
         8                                                                      
         8                                                                      
         8                                                                      
         8                                                                      

    ID_SUC                                                                      
----------                                                                      
         8                                                                      
         8                                                                      
         8                                                                      
         8                                                                      

70 rows selected.

NESTOR0307-SQL> select * from empleado where id_suc=1;

no rows selected

NESTOR0307-SQL> select id_suc from empleado where id_suc = 1;

no rows selected

NESTOR0307-SQL> rollback;

Rollback complete.

NESTOR0307-SQL> select id_suc from empleado;

    ID_SUC                                                                      
----------                                                                      
         1                                                                      
         2                                                                      
         3                                                                      
         4                                                                      
         5                                                                      
         6                                                                      
         7                                                                      
         7                                                                      
                                                                                
         3                                                                      
         4                                                                      

    ID_SUC                                                                      
----------                                                                      
         3                                                                      
         3                                                                      
         3                                                                      
         3                                                                      
         2                                                                      
         1                                                                      
         5                                                                      
         1                                                                      
         7                                                                      
         6                                                                      
         6                                                                      

    ID_SUC                                                                      
----------                                                                      
         7                                                                      
         2                                                                      
         4                                                                      
         4                                                                      
         5                                                                      
         7                                                                      
         2                                                                      
         4                                                                      
         1                                                                      
         1                                                                      
         6                                                                      

    ID_SUC                                                                      
----------                                                                      
         3                                                                      
         3                                                                      
                                                                                
         3                                                                      
         5                                                                      
         2                                                                      
         1                                                                      
         5                                                                      
         2                                                                      
         7                                                                      
         3                                                                      

    ID_SUC                                                                      
----------                                                                      
                                                                                
         5                                                                      
         5                                                                      
         1                                                                      
         4                                                                      
         7                                                                      
         1                                                                      
                                                                                
                                                                                
         6                                                                      
         6                                                                      

    ID_SUC                                                                      
----------                                                                      
         7                                                                      
                                                                                
         2                                                                      
         6                                                                      
         2                                                                      
         7                                                                      
                                                                                
         2                                                                      
         4                                                                      
         7                                                                      
         5                                                                      

    ID_SUC                                                                      
----------                                                                      
                                                                                
         2                                                                      
         4                                                                      
         3                                                                      

70 rows selected.

NESTOR0307-SQL> cl scr;
NESTOR0307-SQL> insert into sucursal values (8, 'España', 65000);

1 row created.

NESTOR0307-SQL> select * from sucursal;

    ID_SUC NOMBRE           CUPO                                                
---------- ---------- ----------                                                
         1 Chile          123456                                                
         2 MÃ©xico         90000                                                
         3 Colombia        55000                                                
         4 Peru            35000                                                
         5 Argentina       76000                                                
         6 USA             89000                                                
         8 España          65000                                                

7 rows selected.

NESTOR0307-SQL> insert into sucursal (id_suc, nombre, cupo) values (9, 'Italia', 55000);

1 row created.

NESTOR0307-SQL> select * from sucursal;

    ID_SUC NOMBRE           CUPO                                                
---------- ---------- ----------                                                
         1 Chile          123456                                                
         2 MÃ©xico         90000                                                
         3 Colombia        55000                                                
         4 Peru            35000                                                
         5 Argentina       76000                                                
         6 USA             89000                                                
         8 España          65000                                                
         9 Italia          55000                                                

8 rows selected.

NESTOR0307-SQL> cl scr;
NESTOR0307-SQL> select * from empleado where id_suc = null;

no rows selected

NESTOR0307-SQL> select * from empleado where id_suc = '';

no rows selected

NESTOR0307-SQL> select * from empleado where id_suc = ' ';
select * from empleado where id_suc = ' '
                                      *
ERROR at line 1:
ORA-01722: invalid number 


NESTOR0307-SQL> select id_suc from empleado;

    ID_SUC                                                                      
----------                                                                      
         1                                                                      
         2                                                                      
         3                                                                      
         4                                                                      
         5                                                                      
         6                                                                      
         7                                                                      
         7                                                                      
                                                                                
         3                                                                      
         4                                                                      

    ID_SUC                                                                      
----------                                                                      
         3                                                                      
         3                                                                      
         3                                                                      
         3                                                                      
         2                                                                      
         1                                                                      
         5                                                                      
         1                                                                      
         7                                                                      
         6                                                                      
         6                                                                      

    ID_SUC                                                                      
----------                                                                      
         7                                                                      
         2                                                                      
         4                                                                      
         4                                                                      
         5                                                                      
         7                                                                      
         2                                                                      
         4                                                                      
         1                                                                      
         1                                                                      
         6                                                                      

    ID_SUC                                                                      
----------                                                                      
         3                                                                      
         3                                                                      
                                                                                
         3                                                                      
         5                                                                      
         2                                                                      
         1                                                                      
         5                                                                      
         2                                                                      
         7                                                                      
         3                                                                      

    ID_SUC                                                                      
----------                                                                      
                                                                                
         5                                                                      
         5                                                                      
         1                                                                      
         4                                                                      
         7                                                                      
         1                                                                      
                                                                                
                                                                                
         6                                                                      
         6                                                                      

    ID_SUC                                                                      
----------                                                                      
         7                                                                      
                                                                                
         2                                                                      
         6                                                                      
         2                                                                      
         7                                                                      
                                                                                
         2                                                                      
         4                                                                      
         7                                                                      
         5                                                                      

    ID_SUC                                                                      
----------                                                                      
                                                                                
         2                                                                      
         4                                                                      
         3                                                                      

70 rows selected.

NESTOR0307-SQL> update empleado
  2  set id_suc = 8
  3  where id_suc = null;

0 rows updated.

NESTOR0307-SQL> select * from empleado where matricula=10319;

 MATRICULA NOMBRE                         APELLIDO                              
---------- ------------------------------ ------------------------------        
   ID_JEFE      MONTO     ID_SUC ID_DEPARTAMENTO                                
---------- ---------- ---------- ---------------                                
     10319 VICTOR HUGO                    MAGOS JIMENEZ                         
     10315       4239                          2                                
                                                                                

NESTOR0307-SQL> cl scr;
NESTOR0307-SQL> select * from empleado where id_suc is null;

 MATRICULA NOMBRE                         APELLIDO                              
---------- ------------------------------ ------------------------------        
   ID_JEFE      MONTO     ID_SUC ID_DEPARTAMENTO                                
---------- ---------- ---------- ---------------                                
     10319 VICTOR HUGO                    MAGOS JIMENEZ                         
     10315       4239                          2                                
                                                                                
     10347 LUIS ENRIQUE                   DE LA ROSA MEJIA                      
     10311       3311                          1                                
                                                                                
     10356 BRANDON SAUL                   HERNANDEZ ISLAS                       
     10317       3167                          1                                
                                                                                

 MATRICULA NOMBRE                         APELLIDO                              
---------- ------------------------------ ------------------------------        
   ID_JEFE      MONTO     ID_SUC ID_DEPARTAMENTO                                
---------- ---------- ---------- ---------------                                
     10363 JUAN CARLOS                    LUNA INTERIAN                         
     10311       3751                                                           
                                                                                
     10364 IAN MICHAEL                    MARTINEZ CALDERON                     
     10313       3393                                                           
                                                                                
     10368 ITZCOATL                       NAVARRO LOPEZ                         
     10315       4894                          2                                
                                                                                

 MATRICULA NOMBRE                         APELLIDO                              
---------- ------------------------------ ------------------------------        
   ID_JEFE      MONTO     ID_SUC ID_DEPARTAMENTO                                
---------- ---------- ---------- ---------------                                
     10373 EDUARDO                        RAMIREZ MARTINEZ                      
     10314       3249                          1                                
                                                                                
     10378 VIVIANA ITZU                   RUIZ VALDEZ                           
     10315       3692                          2                                
                                                                                

8 rows selected.

NESTOR0307-SQL> update empleado
  2  set id_suc = 8
  3  where id_suc is null;

8 rows updated.

NESTOR0307-SQL> select id_suc from empleado;

    ID_SUC                                                                      
----------                                                                      
         1                                                                      
         2                                                                      
         3                                                                      
         4                                                                      
         5                                                                      
         6                                                                      
         7                                                                      
         7                                                                      
         8                                                                      
         3                                                                      
         4                                                                      

    ID_SUC                                                                      
----------                                                                      
         3                                                                      
         3                                                                      
         3                                                                      
         3                                                                      
         2                                                                      
         1                                                                      
         5                                                                      
         1                                                                      
         7                                                                      
         6                                                                      
         6                                                                      

    ID_SUC                                                                      
----------                                                                      
         7                                                                      
         2                                                                      
         4                                                                      
         4                                                                      
         5                                                                      
         7                                                                      
         2                                                                      
         4                                                                      
         1                                                                      
         1                                                                      
         6                                                                      

    ID_SUC                                                                      
----------                                                                      
         3                                                                      
         3                                                                      
         8                                                                      
         3                                                                      
         5                                                                      
         2                                                                      
         1                                                                      
         5                                                                      
         2                                                                      
         7                                                                      
         3                                                                      

    ID_SUC                                                                      
----------                                                                      
         8                                                                      
         5                                                                      
         5                                                                      
         1                                                                      
         4                                                                      
         7                                                                      
         1                                                                      
         8                                                                      
         8                                                                      
         6                                                                      
         6                                                                      

    ID_SUC                                                                      
----------                                                                      
         7                                                                      
         8                                                                      
         2                                                                      
         6                                                                      
         2                                                                      
         7                                                                      
         8                                                                      
         2                                                                      
         4                                                                      
         7                                                                      
         5                                                                      

    ID_SUC                                                                      
----------                                                                      
         8                                                                      
         2                                                                      
         4                                                                      
         3                                                                      

70 rows selected.

NESTOR0307-SQL> cl scr;
NESTOR0307-SQL> spool /home/nestorivanmo/Desktop/lab-bd/practica8/practica8-spool.txtappend
